{"253.0": 0.538300694322546, "664.0": 0.36401054097218505, "748.0": 0.32247032531634734, "819.0": 0.2878228412509837}